Exam_SEAT_NO,REG_NO,SUR_NAME,FIRST_NAME,LAST_NAME,MOTHER_NAME,DOB,SMART_CARD_NO,BRANCH,EXAM_HELD_IN,BRANCH_NAME,SEMESTER,SUB_1_NAME,SUB_1_THEORY,SUB_1_INTERNAL,SUB_1_PRACTICAL_ORAL,SUB_1_TERM_WORK,SUB_2_NAME,SUB_2_THEORY,SUB_2_INTERNAL,SUB_2_PRACTICAL_ORAL,SUB_2_TERM_WORK,SUB_3_NAME,SUB_3_THEORY,SUB_3_INTERNAL,SUB_3_PRACTICAL_ORAL,SUB_3_TERM_WORK,SUB_4_NAME,SUB_4_THEORY,SUB_4_INTERNAL,SUB_4_PRACTICAL_ORAL,SUB_4_TERM_WORK,SUB_5_NAME,SUB_5_THEORY,SUB_5_INTERNAL,SUB_5_PRACTICAL_ORAL,SUB_5_TERM_WORK,SUB_6_NAME,SUB_6_THEORY,SUB_6_INTERNAL,SUB_6_PRACTICAL_ORAL,SUB_6_TERM_WORK,TOTAL_MARKS,SECURED_MARKS,PERCENTAGE,RESULT,IMAGE
1,112233,SURNAME1,FIRST_NAME1,LAST_NAME1,MOTHER_1,2006-05-01,ABC-112233,COMPUTER ENGINEERING,2020-05-01,ELECTRONICS ENGINEERING,1,Applied Mathematics-I,45,11,24,17,Applied Physics-I,68,17,22,24,Applied Chemistry –I,73,18,10,23,Engineering Mechanics,35,12,15,20,Basic Electrical Engineering,52,15,20,15,Environmental studies,35,12,15,20,750,618,82.39999999999999,P,c:\Users\RAJ\Desktop\Intern\Smart_Data_Management\sample_data_generator\img\sample-1.jpg
2,112234,SURNAME2,FIRST_NAME2,LAST_NAME2,MOTHER_2,2006-05-02,ABC-112234,COMPUTER ENGINEERING,2020-05-01,ELECTRONICS ENGINEERING,1,Applied Mathematics-I,14,11,18,20,Applied Physics-I,39,8,22,18,Applied Chemistry –I,58,15,22,10,Engineering Mechanics,52,15,20,15,Basic Electrical Engineering,58,15,22,10,Environmental studies,58,15,22,10,750,567,75.6,P,c:\Users\RAJ\Desktop\Intern\Smart_Data_Management\sample_data_generator\img\sample-1.jpg
3,112235,SURNAME3,FIRST_NAME3,LAST_NAME3,MOTHER_3,2006-05-03,ABC-112235,COMPUTER ENGINEERING,2020-05-01,ELECTRONICS ENGINEERING,1,Applied Mathematics-I,32,20,15,23,Applied Physics-I,52,15,20,15,Applied Chemistry –I,42,14,22,22,Engineering Mechanics,73,18,10,23,Basic Electrical Engineering,42,14,22,22,Environmental studies,73,18,10,23,750,640,85.33333333333334,P,c:\Users\RAJ\Desktop\Intern\Smart_Data_Management\sample_data_generator\img\sample-1.jpg
4,112236,SURNAME4,FIRST_NAME4,LAST_NAME4,MOTHER_4,2006-05-04,ABC-112236,COMPUTER ENGINEERING,2020-05-01,ELECTRONICS ENGINEERING,1,Applied Mathematics-I,54,16,23,22,Applied Physics-I,73,18,10,23,Applied Chemistry –I,32,14,20,22,Engineering Mechanics,32,14,20,22,Basic Electrical Engineering,52,15,20,15,Environmental studies,32,14,20,22,750,605,80.66666666666666,P,c:\Users\RAJ\Desktop\Intern\Smart_Data_Management\sample_data_generator\img\sample-1.jpg
5,112237,SURNAME5,FIRST_NAME5,LAST_NAME5,MOTHER_5,2006-05-05,ABC-112237,COMPUTER ENGINEERING,2020-05-01,ELECTRONICS ENGINEERING,1,Applied Mathematics-I,16,12,10,19,Applied Physics-I,58,15,22,10,Applied Chemistry –I,35,12,15,20,Engineering Mechanics,35,12,15,20,Basic Electrical Engineering,58,15,22,10,Environmental studies,35,12,15,20,750,513,68.4,P,c:\Users\RAJ\Desktop\Intern\Smart_Data_Management\sample_data_generator\img\sample-1.jpg
6,112238,SURNAME6,FIRST_NAME6,LAST_NAME6,MOTHER_6,2006-05-06,ABC-112238,COMPUTER ENGINEERING,2020-05-01,ELECTRONICS ENGINEERING,1,Applied Mathematics-I,68,17,22,24,Applied Physics-I,42,14,22,22,Applied Chemistry –I,52,15,20,15,Engineering Mechanics,52,15,20,15,Basic Electrical Engineering,73,18,10,23,Environmental studies,58,15,22,10,750,664,88.53333333333333,P,c:\Users\RAJ\Desktop\Intern\Smart_Data_Management\sample_data_generator\img\sample-1.jpg
7,112239,SURNAME7,FIRST_NAME7,LAST_NAME7,MOTHER_7,2006-05-07,ABC-112239,COMPUTER ENGINEERING,2020-05-01,ELECTRONICS ENGINEERING,1,Applied Mathematics-I,39,8,22,18,Applied Physics-I,32,14,20,22,Applied Chemistry –I,73,18,10,23,Engineering Mechanics,58,15,22,10,Basic Electrical Engineering,32,14,20,22,Environmental studies,73,18,10,23,750,616,82.13333333333334,P,c:\Users\RAJ\Desktop\Intern\Smart_Data_Management\sample_data_generator\img\sample-1.jpg
8,112240,SURNAME8,FIRST_NAME8,LAST_NAME8,MOTHER_8,2006-05-08,ABC-112240,COMPUTER ENGINEERING,2020-05-01,ELECTRONICS ENGINEERING,1,Applied Mathematics-I,52,15,20,15,Applied Physics-I,35,12,15,20,Applied Chemistry –I,32,14,20,22,Engineering Mechanics,42,14,22,22,Basic Electrical Engineering,35,12,15,20,Environmental studies,32,14,20,22,750,542,72.26666666666667,P,c:\Users\RAJ\Desktop\Intern\Smart_Data_Management\sample_data_generator\img\sample-1.jpg
9,112241,SURNAME9,FIRST_NAME9,LAST_NAME9,MOTHER_9,2006-05-09,ABC-112241,COMPUTER ENGINEERING,2020-05-01,ELECTRONICS ENGINEERING,1,Applied Mathematics-I,73,18,10,23,Applied Physics-I,52,15,20,15,Applied Chemistry –I,35,12,15,20,Engineering Mechanics,52,15,20,15,Basic Electrical Engineering,52,15,20,15,Environmental studies,35,12,15,20,750,594,79.2,P,c:\Users\RAJ\Desktop\Intern\Smart_Data_Management\sample_data_generator\img\sample-1.jpg
10,112242,SURNAME10,FIRST_NAME10,LAST_NAME10,MOTHER_10,2006-05-10,ABC-112242,COMPUTER ENGINEERING,2020-05-01,ELECTRONICS ENGINEERING,1,Applied Mathematics-I,58,15,22,10,Applied Physics-I,73,18,10,23,Applied Chemistry –I,52,15,20,15,Engineering Mechanics,58,15,22,10,Basic Electrical Engineering,58,15,22,10,Environmental studies,58,15,22,10,750,646,86.13333333333333,P,c:\Users\RAJ\Desktop\Intern\Smart_Data_Management\sample_data_generator\img\sample-1.jpg
11,112243,SURNAME11,FIRST_NAME11,LAST_NAME11,MOTHER_11,2006-05-11,ABC-112243,COMPUTER ENGINEERING,2020-05-01,ELECTRONICS ENGINEERING,1,Applied Mathematics-I,42,14,22,22,Applied Physics-I,58,15,22,10,Applied Chemistry –I,58,15,22,10,Engineering Mechanics,73,18,10,23,Basic Electrical Engineering,58,15,22,10,Environmental studies,73,18,10,23,750,663,88.4,P,c:\Users\RAJ\Desktop\Intern\Smart_Data_Management\sample_data_generator\img\sample-1.jpg
12,112244,SURNAME12,FIRST_NAME12,LAST_NAME12,MOTHER_12,2006-05-12,ABC-112244,COMPUTER ENGINEERING,2020-05-01,ELECTRONICS ENGINEERING,1,Applied Mathematics-I,32,14,20,22,Applied Physics-I,42,14,22,22,Applied Chemistry –I,42,14,22,22,Engineering Mechanics,32,14,20,22,Basic Electrical Engineering,73,18,10,23,Environmental studies,32,14,20,22,750,588,78.4,P,c:\Users\RAJ\Desktop\Intern\Smart_Data_Management\sample_data_generator\img\sample-1.jpg
13,112245,SURNAME13,FIRST_NAME13,LAST_NAME13,MOTHER_13,2006-05-13,ABC-112245,COMPUTER ENGINEERING,2020-05-01,ELECTRONICS ENGINEERING,1,Applied Mathematics-I,35,12,15,20,Applied Physics-I,73,18,10,23,Applied Chemistry –I,32,14,20,22,Engineering Mechanics,35,12,15,20,Basic Electrical Engineering,32,14,20,22,Environmental studies,35,12,15,20,750,546,72.8,P,c:\Users\RAJ\Desktop\Intern\Smart_Data_Management\sample_data_generator\img\sample-1.jpg
14,112246,SURNAME14,FIRST_NAME14,LAST_NAME14,MOTHER_14,2006-05-14,ABC-112246,COMPUTER ENGINEERING,2020-05-01,ELECTRONICS ENGINEERING,1,Applied Mathematics-I,45,11,24,17,Applied Physics-I,68,17,22,24,Applied Chemistry –I,73,18,10,23,Engineering Mechanics,35,12,15,20,Basic Electrical Engineering,52,15,20,15,Environmental studies,35,12,15,20,750,618,82.39999999999999,P,c:\Users\RAJ\Desktop\Intern\Smart_Data_Management\sample_data_generator\img\sample-1.jpg
15,112247,SURNAME15,FIRST_NAME15,LAST_NAME15,MOTHER_15,2006-05-15,ABC-112247,COMPUTER ENGINEERING,2020-05-01,ELECTRONICS ENGINEERING,1,Applied Mathematics-I,14,11,18,20,Applied Physics-I,39,8,22,18,Applied Chemistry –I,58,15,22,10,Engineering Mechanics,52,15,20,15,Basic Electrical Engineering,58,15,22,10,Environmental studies,58,15,22,10,750,567,75.6,P,c:\Users\RAJ\Desktop\Intern\Smart_Data_Management\sample_data_generator\img\sample-1.jpg
16,112248,SURNAME16,FIRST_NAME16,LAST_NAME16,MOTHER_16,2006-05-16,ABC-112248,COMPUTER ENGINEERING,2020-05-01,ELECTRONICS ENGINEERING,1,Applied Mathematics-I,32,20,15,23,Applied Physics-I,52,15,20,15,Applied Chemistry –I,42,14,22,22,Engineering Mechanics,73,18,10,23,Basic Electrical Engineering,42,14,22,22,Environmental studies,73,18,10,23,750,640,85.33333333333334,P,c:\Users\RAJ\Desktop\Intern\Smart_Data_Management\sample_data_generator\img\sample-1.jpg
17,112249,SURNAME17,FIRST_NAME17,LAST_NAME17,MOTHER_17,2006-05-17,ABC-112249,COMPUTER ENGINEERING,2020-05-01,ELECTRONICS ENGINEERING,1,Applied Mathematics-I,54,16,23,22,Applied Physics-I,73,18,10,23,Applied Chemistry –I,32,14,20,22,Engineering Mechanics,32,14,20,22,Basic Electrical Engineering,52,15,20,15,Environmental studies,32,14,20,22,750,605,80.66666666666666,P,c:\Users\RAJ\Desktop\Intern\Smart_Data_Management\sample_data_generator\img\sample-1.jpg
18,112250,SURNAME18,FIRST_NAME18,LAST_NAME18,MOTHER_18,2006-05-18,ABC-112250,COMPUTER ENGINEERING,2020-05-01,ELECTRONICS ENGINEERING,1,Applied Mathematics-I,16,12,10,19,Applied Physics-I,58,15,22,10,Applied Chemistry –I,35,12,15,20,Engineering Mechanics,35,12,15,20,Basic Electrical Engineering,58,15,22,10,Environmental studies,35,12,15,20,750,513,68.4,P,c:\Users\RAJ\Desktop\Intern\Smart_Data_Management\sample_data_generator\img\sample-1.jpg
19,112251,SURNAME19,FIRST_NAME19,LAST_NAME19,MOTHER_19,2006-05-19,ABC-112251,COMPUTER ENGINEERING,2020-05-01,ELECTRONICS ENGINEERING,1,Applied Mathematics-I,68,17,22,24,Applied Physics-I,42,14,22,22,Applied Chemistry –I,52,15,20,15,Engineering Mechanics,52,15,20,15,Basic Electrical Engineering,73,18,10,23,Environmental studies,58,15,22,10,750,664,88.53333333333333,P,c:\Users\RAJ\Desktop\Intern\Smart_Data_Management\sample_data_generator\img\sample-1.jpg
20,112252,SURNAME20,FIRST_NAME20,LAST_NAME20,MOTHER_20,2006-05-20,ABC-112252,COMPUTER ENGINEERING,2020-05-01,ELECTRONICS ENGINEERING,1,Applied Mathematics-I,39,8,22,18,Applied Physics-I,32,14,20,22,Applied Chemistry –I,73,18,10,23,Engineering Mechanics,58,15,22,10,Basic Electrical Engineering,32,14,20,22,Environmental studies,73,18,10,23,750,616,82.13333333333334,P,c:\Users\RAJ\Desktop\Intern\Smart_Data_Management\sample_data_generator\img\sample-1.jpg
21,112253,SURNAME21,FIRST_NAME21,LAST_NAME21,MOTHER_21,2006-05-21,ABC-112253,COMPUTER ENGINEERING,2020-05-01,ELECTRONICS ENGINEERING,1,Applied Mathematics-I,52,15,20,15,Applied Physics-I,35,12,15,20,Applied Chemistry –I,32,14,20,22,Engineering Mechanics,42,14,22,22,Basic Electrical Engineering,35,12,15,20,Environmental studies,32,14,20,22,750,542,72.26666666666667,P,c:\Users\RAJ\Desktop\Intern\Smart_Data_Management\sample_data_generator\img\sample-1.jpg
22,112254,SURNAME22,FIRST_NAME22,LAST_NAME22,MOTHER_22,2006-05-22,ABC-112254,COMPUTER ENGINEERING,2020-05-01,ELECTRONICS ENGINEERING,1,Applied Mathematics-I,73,18,10,23,Applied Physics-I,52,15,20,15,Applied Chemistry –I,35,12,15,20,Engineering Mechanics,52,15,20,15,Basic Electrical Engineering,52,15,20,15,Environmental studies,35,12,15,20,750,594,79.2,P,c:\Users\RAJ\Desktop\Intern\Smart_Data_Management\sample_data_generator\img\sample-1.jpg
23,112255,SURNAME23,FIRST_NAME23,LAST_NAME23,MOTHER_23,2006-05-23,ABC-112255,COMPUTER ENGINEERING,2020-05-01,ELECTRONICS ENGINEERING,1,Applied Mathematics-I,58,15,22,10,Applied Physics-I,73,18,10,23,Applied Chemistry –I,52,15,20,15,Engineering Mechanics,58,15,22,10,Basic Electrical Engineering,58,15,22,10,Environmental studies,58,15,22,10,750,646,86.13333333333333,P,c:\Users\RAJ\Desktop\Intern\Smart_Data_Management\sample_data_generator\img\sample-1.jpg
24,112256,SURNAME24,FIRST_NAME24,LAST_NAME24,MOTHER_24,2006-05-24,ABC-112256,COMPUTER ENGINEERING,2020-05-01,ELECTRONICS ENGINEERING,1,Applied Mathematics-I,42,14,22,22,Applied Physics-I,58,15,22,10,Applied Chemistry –I,58,15,22,10,Engineering Mechanics,73,18,10,23,Basic Electrical Engineering,58,15,22,10,Environmental studies,73,18,10,23,750,663,88.4,P,c:\Users\RAJ\Desktop\Intern\Smart_Data_Management\sample_data_generator\img\sample-1.jpg
25,112257,SURNAME25,FIRST_NAME25,LAST_NAME25,MOTHER_25,2006-05-25,ABC-112257,COMPUTER ENGINEERING,2020-05-01,ELECTRONICS ENGINEERING,1,Applied Mathematics-I,32,14,20,22,Applied Physics-I,42,14,22,22,Applied Chemistry –I,42,14,22,22,Engineering Mechanics,32,14,20,22,Basic Electrical Engineering,73,18,10,23,Environmental studies,32,14,20,22,750,588,78.4,P,c:\Users\RAJ\Desktop\Intern\Smart_Data_Management\sample_data_generator\img\sample-1.jpg
